id;поступило;канал;категория;сотрудник;время_первого_ответа_мин;время_решения_мин;норматив_sla_мин;нарушен_sla;оценка_csat
REQ-0001;2026-08-28 17:06;почта;благодарность;Оператор Б;163;786;240;нет;3
REQ-0002;2026-08-10 11:41;MAX;гости;Оператор А;9;36;30;нет;3
REQ-0003;2026-07-20 09:29;Telegram;гости;Оператор А;18;83;30;нет;
REQ-0004;2026-08-15 18:17;MAX;биллинг;Оператор Б;45;80;60;нет;4
REQ-0005;2026-08-18 10:06;Telegram;навигация;Оператор Б;14;58;30;нет;5
REQ-0006;2026-07-13 10:24;лично;бронирования;Оператор А;20;131;30;нет;
REQ-0007;2026-08-14 10:26;лично;биллинг;Оператор В;56;190;60;нет;
REQ-0008;2026-06-05 12:32;Telegram;гости;Оператор А;7;59;30;нет;5
REQ-0009;2026-07-24 21:17;почта;членство;Оператор Г;266;529;120;да;
REQ-0010;2026-07-01 12:00;почта;членство;Оператор А;83;280;120;нет;
REQ-0011;2026-08-27 13:38;Telegram;мероприятия;Оператор А;51;183;60;нет;
REQ-0012;2026-08-12 18:40;Telegram;благодарность;Оператор Г;435;682;240;да;
REQ-0013;2026-07-10 12:24;лично;биллинг;Оператор Б;100;260;60;да;2
REQ-0014;2026-08-20 10:47;Telegram;мероприятия;Оператор А;48;183;60;нет;
REQ-0015;2026-08-09 15:30;Telegram;благодарность;Оператор Б;295;371;240;да;
REQ-0016;2026-08-21 18:17;Telegram;гости;Оператор Б;21;55;30;нет;
REQ-0017;2026-08-15 12:08;Telegram;бронирования;Оператор Б;14;95;30;нет;5
REQ-0018;2026-08-11 19:19;MAX;членство;Оператор А;99;216;120;нет;
REQ-0019;2026-06-01 18:34;почта;гости;Оператор А;15;33;30;нет;5
REQ-0020;2026-08-24 09:54;Telegram;членство;Оператор В;98;347;120;нет;
REQ-0021;2026-08-26 09:05;MAX;благодарность;Оператор А;86;279;240;нет;4
REQ-0022;2026-06-21 10:53;почта;навигация;Оператор В;6;82;30;нет;5
REQ-0023;2026-08-03 17:39;Telegram;бронирования;Оператор А;10;57;30;нет;4
REQ-0024;2026-08-09 09:57;Telegram;жалоба;Оператор Б;14;40;30;нет;
REQ-0025;2026-08-22 16:48;Telegram;благодарность;Оператор В;90;552;240;нет;3
REQ-0026;2026-07-07 15:57;MAX;биллинг;Оператор В;77;198;60;да;
REQ-0027;2026-06-23 10:26;Telegram;навигация;Оператор А;10;62;30;нет;
REQ-0028;2026-08-21 17:53;лично;благодарность;Оператор В;105;110;240;нет;5
REQ-0029;2026-06-09 18:08;лично;бронирования;Оператор В;10;43;30;нет;5
REQ-0030;2026-08-15 12:06;Telegram;бронирования;Оператор Б;19;24;30;нет;5
REQ-0031;2026-08-21 19:00;Telegram;жалоба;Оператор Б;19;96;30;нет;
REQ-0032;2026-08-18 20:39;Telegram;бронирования;Оператор Б;15;87;30;нет;4
REQ-0033;2026-07-13 21:29;Telegram;биллинг;Оператор Г;365;415;60;да;
REQ-0034;2026-07-21 09:46;MAX;мероприятия;Оператор В;9;118;60;нет;
REQ-0035;2026-06-07 12:58;Telegram;мероприятия;Оператор В;4;69;60;нет;
REQ-0036;2026-06-12 17:58;Telegram;гости;Оператор Г;34;105;30;да;
REQ-0037;2026-06-07 21:09;почта;гости;Оператор А;19;87;30;нет;5
REQ-0038;2026-08-24 17:35;почта;благодарность;Оператор А;135;237;240;нет;2
REQ-0039;2026-07-17 17:09;Telegram;навигация;Оператор Г;94;122;30;да;4
REQ-0040;2026-08-17 13:02;Telegram;благодарность;Оператор Г;162;458;240;нет;5
REQ-0041;2026-08-13 17:51;почта;гости;Оператор А;15;49;30;нет;5
REQ-0042;2026-08-09 12:33;почта;благодарность;Оператор Б;56;852;240;нет;1
REQ-0043;2026-08-04 12:12;MAX;мероприятия;Оператор А;40;115;60;нет;5
REQ-0044;2026-07-08 09:54;Telegram;навигация;Оператор В;16;96;30;нет;4
REQ-0045;2026-08-20 13:34;лично;биллинг;Оператор Г;359;461;60;да;2
REQ-0046;2026-07-28 19:47;MAX;биллинг;Оператор Б;102;125;60;да;4
REQ-0047;2026-08-06 14:56;Telegram;жалоба;Оператор Б;17;42;30;нет;
REQ-0048;2026-07-05 20:50;Telegram;гости;Оператор Г;85;162;30;да;
REQ-0049;2026-07-07 15:45;Telegram;бронирования;Оператор Б;9;41;30;нет;5
REQ-0050;2026-08-21 21:48;MAX;жалоба;Оператор Б;19;31;30;нет;
REQ-0051;2026-08-20 17:59;Telegram;благодарность;Оператор Б;149;657;240;нет;1
REQ-0052;2026-06-19 09:27;лично;членство;Оператор Г;230;435;120;да;
REQ-0053;2026-08-12 15:29;MAX;биллинг;Оператор В;128;225;60;да;4
REQ-0054;2026-08-24 14:05;Telegram;мероприятия;Оператор Б;57;206;60;нет;
REQ-0055;2026-08-19 18:49;MAX;биллинг;Оператор В;82;128;60;да;2
REQ-0056;2026-07-27 15:46;Telegram;членство;Оператор В;72;77;120;нет;
REQ-0057;2026-07-03 21:03;Telegram;жалоба;Оператор Г;88;170;30;да;1
REQ-0058;2026-07-09 19:31;Telegram;навигация;Оператор Б;10;22;30;нет;5
REQ-0059;2026-07-23 10:28;MAX;мероприятия;Оператор А;38;146;60;нет;
REQ-0060;2026-08-17 09:21;лично;биллинг;Оператор Г;292;385;60;да;
REQ-0061;2026-08-18 17:38;MAX;мероприятия;Оператор А;13;19;60;нет;
REQ-0062;2026-06-13 11:31;почта;мероприятия;Оператор Б;45;75;60;нет;5
REQ-0063;2026-08-10 17:18;MAX;мероприятия;Оператор В;24;150;60;нет;4
REQ-0064;2026-07-01 09:20;MAX;биллинг;Оператор А;47;91;60;нет;5
REQ-0065;2026-08-02 18:33;Telegram;жалоба;Оператор Б;8;67;30;нет;5
REQ-0066;2026-06-26 20:13;Telegram;благодарность;Оператор Б;106;394;240;нет;4
REQ-0067;2026-06-12 17:37;Telegram;членство;Оператор В;20;262;120;нет;5
REQ-0068;2026-08-12 21:39;Telegram;членство;Оператор Б;67;305;120;нет;3
REQ-0069;2026-08-09 13:41;лично;биллинг;Оператор В;73;124;60;да;
REQ-0070;2026-07-22 09:14;Telegram;бронирования;Оператор В;16;67;30;нет;
REQ-0071;2026-08-09 10:30;лично;гости;Оператор Б;5;36;30;нет;
REQ-0072;2026-08-07 14:51;почта;жалоба;Оператор Б;18;52;30;нет;
REQ-0073;2026-07-15 15:35;почта;навигация;Оператор Б;8;85;30;нет;5
REQ-0074;2026-07-14 19:36;MAX;жалоба;Оператор А;9;60;30;нет;5
REQ-0075;2026-08-27 19:19;Telegram;благодарность;Оператор А;172;608;240;нет;5
REQ-0076;2026-08-24 21:58;Telegram;жалоба;Оператор Б;18;106;30;нет;
REQ-0077;2026-06-11 20:20;MAX;благодарность;Оператор В;21;545;240;нет;
REQ-0078;2026-07-13 20:50;Telegram;биллинг;Оператор В;76;154;60;да;3
REQ-0079;2026-07-24 18:48;почта;жалоба;Оператор Б;21;32;30;нет;
REQ-0080;2026-08-28 13:51;Telegram;бронирования;Оператор А;6;40;30;нет;4
REQ-0081;2026-08-03 18:20;MAX;навигация;Оператор А;13;78;30;нет;
REQ-0082;2026-06-01 19:48;Telegram;членство;Оператор Г;193;457;120;да;3
REQ-0083;2026-08-13 14:58;Telegram;жалоба;Оператор Б;6;52;30;нет;3
REQ-0084;2026-06-14 21:33;Telegram;жалоба;Оператор Г;73;78;30;да;2
REQ-0085;2026-08-23 09:40;почта;гости;Оператор Г;63;96;30;да;
REQ-0086;2026-08-22 11:19;Telegram;жалоба;Оператор Г;30;86;30;нет;5
REQ-0087;2026-06-10 19:20;Telegram;членство;Оператор А;66;223;120;нет;3
REQ-0088;2026-06-07 11:57;Telegram;жалоба;Оператор Б;8;33;30;нет;5
REQ-0089;2026-07-13 11:21;лично;навигация;Оператор Г;64;81;30;да;
REQ-0090;2026-08-25 10:33;Telegram;благодарность;Оператор Г;827;1366;240;да;3
REQ-0091;2026-08-25 13:15;лично;бронирования;Оператор Б;29;35;30;нет;4
REQ-0092;2026-08-20 11:47;Telegram;мероприятия;Оператор В;55;248;60;нет;5
REQ-0093;2026-07-17 17:05;Telegram;бронирования;Оператор Б;31;76;30;да;1
REQ-0094;2026-08-09 18:01;почта;гости;Оператор Г;82;151;30;да;3
REQ-0095;2026-07-14 12:19;почта;гости;Оператор Б;24;76;30;нет;1
REQ-0096;2026-08-10 15:04;MAX;гости;Оператор В;28;72;30;нет;
REQ-0097;2026-07-04 19:28;лично;мероприятия;Оператор Г;94;99;60;да;
REQ-0098;2026-06-28 15:54;Telegram;благодарность;Оператор В;64;319;240;нет;
REQ-0099;2026-07-20 11:35;лично;навигация;Оператор Г;84;109;30;да;2
REQ-0100;2026-06-09 12:21;почта;биллинг;Оператор А;30;246;60;нет;3
REQ-0101;2026-08-27 15:12;Telegram;гости;Оператор Б;13;46;30;нет;5
REQ-0102;2026-08-02 16:49;Telegram;гости;Оператор Б;40;102;30;да;
REQ-0103;2026-06-11 15:21;лично;членство;Оператор Б;72;77;120;нет;
REQ-0104;2026-08-20 09:01;MAX;мероприятия;Оператор В;61;139;60;да;2
REQ-0105;2026-07-11 12:52;Telegram;жалоба;Оператор Г;66;129;30;да;2
REQ-0106;2026-06-20 20:45;Telegram;членство;Оператор В;36;182;120;нет;5
REQ-0107;2026-07-17 20:15;MAX;биллинг;Оператор А;55;116;60;нет;
REQ-0108;2026-08-19 15:46;Telegram;жалоба;Оператор А;23;55;30;нет;5
REQ-0109;2026-07-08 18:09;MAX;гости;Оператор В;23;111;30;нет;5
REQ-0110;2026-06-27 09:35;лично;навигация;Оператор В;17;101;30;нет;5
REQ-0111;2026-06-15 09:37;Telegram;мероприятия;Оператор Б;24;197;60;нет;5
REQ-0112;2026-06-06 12:33;почта;мероприятия;Оператор А;43;179;60;нет;5
REQ-0113;2026-07-09 12:31;Telegram;жалоба;Оператор А;13;18;30;нет;
REQ-0114;2026-06-16 14:54;MAX;мероприятия;Оператор Г;96;116;60;да;1
REQ-0115;2026-08-27 15:57;MAX;гости;Оператор А;24;48;30;нет;5
REQ-0116;2026-06-11 09:37;лично;навигация;Оператор Г;44;49;30;да;4
REQ-0117;2026-06-08 10:58;Telegram;благодарность;Оператор Г;598;911;240;да;
REQ-0118;2026-07-18 13:34;Telegram;мероприятия;Оператор А;59;148;60;нет;5
REQ-0119;2026-08-19 21:50;Telegram;членство;Оператор Г;2;76;120;нет;
REQ-0120;2026-07-04 17:04;Telegram;благодарность;Оператор В;134;696;240;нет;
REQ-0121;2026-08-15 17:29;Telegram;мероприятия;Оператор В;28;77;60;нет;
REQ-0122;2026-08-10 14:03;Telegram;благодарность;Оператор Г;477;725;240;да;2
REQ-0123;2026-07-11 14:15;Telegram;благодарность;Оператор Б;64;144;240;нет;4
REQ-0124;2026-07-02 19:56;Telegram;гости;Оператор В;22;61;30;нет;
REQ-0125;2026-07-11 20:44;почта;благодарность;Оператор А;195;972;240;нет;
REQ-0126;2026-07-09 11:37;MAX;биллинг;Оператор В;81;114;60;да;1
REQ-0127;2026-08-08 13:04;лично;членство;Оператор Б;58;407;120;нет;
REQ-0128;2026-08-17 10:48;Telegram;бронирования;Оператор В;8;45;30;нет;5
REQ-0129;2026-07-08 11:29;лично;навигация;Оператор А;23;126;30;нет;5
REQ-0130;2026-08-01 16:42;Telegram;бронирования;Оператор А;5;35;30;нет;
REQ-0131;2026-08-26 09:27;MAX;навигация;Оператор Б;4;20;30;нет;
REQ-0132;2026-07-22 16:16;лично;навигация;Оператор Б;15;97;30;нет;4
REQ-0133;2026-06-07 18:01;MAX;бронирования;Оператор Г;58;89;30;да;
REQ-0134;2026-08-26 15:11;лично;благодарность;Оператор В;142;454;240;нет;
REQ-0135;2026-08-19 21:47;MAX;биллинг;Оператор Б;108;219;60;да;1
REQ-0136;2026-08-25 13:38;Telegram;благодарность;Оператор Б;95;580;240;нет;4
REQ-0137;2026-08-02 14:48;почта;мероприятия;Оператор В;24;29;60;нет;5
REQ-0138;2026-07-05 20:35;MAX;благодарность;Оператор А;199;564;240;нет;5
REQ-0139;2026-07-16 15:05;Telegram;гости;Оператор Б;15;74;30;нет;5
REQ-0140;2026-07-12 13:21;MAX;жалоба;Оператор Б;24;76;30;нет;5
REQ-0141;2026-07-15 15:11;почта;биллинг;Оператор Г;225;274;60;да;
REQ-0142;2026-08-26 11:28;Telegram;благодарность;Оператор Г;431;1053;240;да;
REQ-0143;2026-08-21 19:17;почта;членство;Оператор Б;32;180;120;нет;
REQ-0144;2026-08-09 18:13;MAX;бронирования;Оператор Б;15;24;30;нет;4
REQ-0145;2026-07-04 14:20;Telegram;бронирования;Оператор В;20;81;30;нет;5
REQ-0146;2026-08-15 10:25;Telegram;мероприятия;Оператор В;35;52;60;нет;
REQ-0147;2026-07-16 09:34;Telegram;биллинг;Оператор Б;103;203;60;да;
REQ-0148;2026-07-17 20:17;Telegram;навигация;Оператор Г;41;71;30;да;
REQ-0149;2026-08-23 16:23;Telegram;мероприятия;Оператор Г;51;135;60;нет;
REQ-0150;2026-08-20 12:48;Telegram;членство;Оператор А;65;107;120;нет;
REQ-0151;2026-07-22 19:40;Telegram;гости;Оператор В;6;11;30;нет;5
REQ-0152;2026-07-03 21:45;Telegram;мероприятия;Оператор Г;40;133;60;нет;5
REQ-0153;2026-07-08 11:47;Telegram;мероприятия;Оператор Г;101;135;60;да;3
REQ-0154;2026-08-14 21:25;почта;членство;Оператор В;53;87;120;нет;5
REQ-0155;2026-06-12 10:46;Telegram;мероприятия;Оператор А;10;181;60;нет;
REQ-0156;2026-08-09 10:52;Telegram;бронирования;Оператор В;12;82;30;нет;
REQ-0157;2026-07-21 16:49;MAX;мероприятия;Оператор В;48;121;60;нет;1
REQ-0158;2026-06-21 09:58;MAX;мероприятия;Оператор Г;112;210;60;да;3
REQ-0159;2026-08-02 21:12;лично;членство;Оператор В;54;339;120;нет;5
REQ-0160;2026-07-08 13:35;Telegram;биллинг;Оператор А;163;178;60;да;
REQ-0161;2026-08-28 19:51;MAX;гости;Оператор В;16;74;30;нет;
REQ-0162;2026-07-23 15:23;Telegram;членство;Оператор Б;90;410;120;нет;4
REQ-0163;2026-08-10 14:56;Telegram;благодарность;Оператор Б;65;711;240;нет;3
REQ-0164;2026-06-03 10:39;Telegram;навигация;Оператор Г;11;52;30;нет;
REQ-0165;2026-08-28 16:40;Telegram;бронирования;Оператор В;5;79;30;нет;5
REQ-0166;2026-07-12 20:26;Telegram;жалоба;Оператор В;19;48;30;нет;5
REQ-0167;2026-07-20 20:41;Telegram;навигация;Оператор Б;19;103;30;нет;
REQ-0168;2026-07-01 16:59;Telegram;членство;Оператор В;25;287;120;нет;
REQ-0169;2026-07-02 11:21;Telegram;гости;Оператор Б;13;105;30;нет;5
REQ-0170;2026-06-27 17:14;Telegram;благодарность;Оператор В;196;661;240;нет;4
REQ-0171;2026-08-24 18:55;Telegram;мероприятия;Оператор Г;80;132;60;да;
REQ-0172;2026-07-15 11:56;MAX;гости;Оператор В;22;45;30;нет;
REQ-0173;2026-06-09 18:16;Telegram;членство;Оператор Г;181;446;120;да;3
REQ-0174;2026-08-02 11:08;Telegram;гости;Оператор В;16;58;30;нет;
REQ-0175;2026-07-28 15:39;Telegram;благодарность;Оператор Г;237;844;240;нет;5
REQ-0176;2026-07-09 12:54;Telegram;навигация;Оператор Г;1;15;30;нет;
REQ-0177;2026-06-06 17:29;лично;гости;Оператор А;16;67;30;нет;5
REQ-0178;2026-06-07 10:51;Telegram;жалоба;Оператор В;21;26;30;нет;5
REQ-0179;2026-08-27 19:00;почта;гости;Оператор Г;61;80;30;да;2
REQ-0180;2026-07-08 14:28;лично;мероприятия;Оператор В;19;107;60;нет;4
REQ-0181;2026-08-10 13:11;лично;гости;Оператор В;11;42;30;нет;
REQ-0182;2026-07-02 20:09;MAX;членство;Оператор В;57;169;120;нет;
REQ-0183;2026-08-12 11:34;Telegram;мероприятия;Оператор А;28;129;60;нет;
REQ-0184;2026-07-01 11:31;Telegram;жалоба;Оператор А;10;42;30;нет;1
REQ-0185;2026-08-25 20:11;Telegram;членство;Оператор А;30;35;120;нет;
REQ-0186;2026-08-17 09:28;лично;членство;Оператор Г;219;377;120;да;4
REQ-0187;2026-08-17 18:24;Telegram;гости;Оператор Г;23;81;30;нет;4
REQ-0188;2026-08-19 09:09;MAX;бронирования;Оператор Г;17;75;30;нет;1
REQ-0189;2026-08-15 14:08;лично;навигация;Оператор В;20;96;30;нет;5
REQ-0190;2026-08-04 12:04;лично;членство;Оператор Б;94;99;120;нет;1
REQ-0191;2026-07-28 09:17;Telegram;жалоба;Оператор В;6;61;30;нет;5
REQ-0192;2026-07-03 10:55;почта;благодарность;Оператор Б;201;684;240;нет;
REQ-0193;2026-08-03 21:55;Telegram;членство;Оператор Б;73;272;120;нет;
REQ-0194;2026-07-27 13:31;почта;гости;Оператор Б;14;54;30;нет;4
REQ-0195;2026-06-03 19:42;MAX;биллинг;Оператор В;114;136;60;да;
REQ-0196;2026-08-13 09:13;лично;жалоба;Оператор В;27;32;30;нет;5
REQ-0197;2026-07-25 11:22;лично;членство;Оператор Г;266;470;120;да;
REQ-0198;2026-08-10 12:26;Telegram;бронирования;Оператор Б;15;31;30;нет;
REQ-0199;2026-07-05 10:06;почта;навигация;Оператор В;20;37;30;нет;4
REQ-0200;2026-08-17 20:54;Telegram;мероприятия;Оператор Г;61;127;60;да;4
REQ-0201;2026-06-22 19:04;Telegram;благодарность;Оператор Г;143;759;240;нет;5
REQ-0202;2026-08-14 14:39;MAX;навигация;Оператор Г;37;62;30;да;5
REQ-0203;2026-07-01 15:56;Telegram;жалоба;Оператор В;11;71;30;нет;
REQ-0204;2026-06-18 19:46;почта;гости;Оператор Б;23;83;30;нет;
REQ-0205;2026-08-27 09:42;почта;членство;Оператор А;42;324;120;нет;
REQ-0206;2026-06-08 09:29;почта;мероприятия;Оператор Б;17;31;60;нет;5
REQ-0207;2026-08-26 19:50;MAX;биллинг;Оператор Б;4;95;60;нет;5
REQ-0208;2026-06-01 11:55;лично;навигация;Оператор Г;49;79;30;да;5
REQ-0209;2026-08-27 09:50;Telegram;гости;Оператор Г;19;55;30;нет;
REQ-0210;2026-06-10 17:49;Telegram;гости;Оператор Б;18;72;30;нет;5
REQ-0211;2026-07-08 18:06;почта;мероприятия;Оператор А;54;138;60;нет;
REQ-0212;2026-08-05 10:26;Telegram;членство;Оператор Б;28;299;120;нет;1
REQ-0213;2026-06-08 11:07;лично;гости;Оператор Г;64;139;30;да;
REQ-0214;2026-08-10 17:26;почта;бронирования;Оператор Г;42;106;30;да;2
REQ-0215;2026-08-16 12:23;MAX;членство;Оператор А;44;286;120;нет;5
REQ-0216;2026-06-14 21:19;почта;благодарность;Оператор В;96;282;240;нет;
REQ-0217;2026-08-02 11:23;MAX;мероприятия;Оператор В;23;138;60;нет;
REQ-0218;2026-06-11 14:44;Telegram;благодарность;Оператор Г;364;493;240;да;5
REQ-0219;2026-08-08 14:31;Telegram;жалоба;Оператор Б;7;26;30;нет;
REQ-0220;2026-06-17 21:41;Telegram;жалоба;Оператор А;19;102;30;нет;1
REQ-0221;2026-08-13 10:20;MAX;навигация;Оператор А;36;125;30;да;4
REQ-0222;2026-07-27 11:39;лично;навигация;Оператор В;29;91;30;нет;
REQ-0223;2026-06-18 11:34;лично;жалоба;Оператор А;7;21;30;нет;
REQ-0224;2026-06-27 20:50;почта;благодарность;Оператор В;50;55;240;нет;5
REQ-0225;2026-06-15 19:57;почта;членство;Оператор Г;115;120;120;нет;
REQ-0226;2026-06-27 10:07;лично;жалоба;Оператор А;14;30;30;нет;4
REQ-0227;2026-07-04 15:02;MAX;жалоба;Оператор Б;18;49;30;нет;4
REQ-0228;2026-08-13 12:47;почта;благодарность;Оператор Г;313;452;240;да;5
REQ-0229;2026-07-25 18:37;Telegram;жалоба;Оператор А;13;72;30;нет;
REQ-0230;2026-08-22 15:20;MAX;благодарность;Оператор Г;224;831;240;нет;1
REQ-0231;2026-06-23 16:58;лично;биллинг;Оператор В;50;189;60;нет;
REQ-0232;2026-06-26 13:58;Telegram;мероприятия;Оператор Б;12;136;60;нет;1
REQ-0233;2026-08-15 15:09;Telegram;благодарность;Оператор Б;167;834;240;нет;4
REQ-0234;2026-06-23 14:51;MAX;членство;Оператор Г;164;403;120;да;2
REQ-0235;2026-07-04 12:10;Telegram;членство;Оператор Б;100;129;120;нет;
REQ-0236;2026-07-19 11:54;лично;жалоба;Оператор В;3;103;30;нет;5
REQ-0237;2026-07-04 12:16;Telegram;жалоба;Оператор Б;10;49;30;нет;
REQ-0238;2026-08-05 13:24;Telegram;благодарность;Оператор В;247;684;240;да;4
REQ-0239;2026-07-27 17:58;MAX;членство;Оператор А;14;140;120;нет;4
REQ-0240;2026-07-10 09:13;Telegram;мероприятия;Оператор Б;8;108;60;нет;
REQ-0241;2026-08-09 18:04;Telegram;жалоба;Оператор А;20;60;30;нет;4
REQ-0242;2026-07-01 10:42;Telegram;гости;Оператор В;10;111;30;нет;
REQ-0243;2026-06-05 09:33;MAX;мероприятия;Оператор Б;57;137;60;нет;3
REQ-0244;2026-08-03 15:08;Telegram;членство;Оператор В;8;13;120;нет;5
REQ-0245;2026-08-07 10:44;Telegram;благодарность;Оператор А;168;680;240;нет;
REQ-0246;2026-07-05 17:57;почта;членство;Оператор А;20;64;120;нет;4
REQ-0247;2026-08-06 10:02;Telegram;членство;Оператор А;116;452;120;нет;5
REQ-0248;2026-07-27 11:26;Telegram;гости;Оператор В;29;96;30;нет;2
REQ-0249;2026-08-11 12:23;почта;жалоба;Оператор А;21;52;30;нет;
REQ-0250;2026-08-24 14:13;почта;жалоба;Оператор Б;24;55;30;нет;
REQ-0251;2026-07-15 16:33;Telegram;биллинг;Оператор Б;76;253;60;да;
REQ-0252;2026-07-19 09:02;Telegram;членство;Оператор Б;102;339;120;нет;5
REQ-0253;2026-07-18 10:42;лично;гости;Оператор Б;14;62;30;нет;5
REQ-0254;2026-08-03 10:50;Telegram;мероприятия;Оператор Г;116;121;60;да;
REQ-0255;2026-07-13 13:10;почта;гости;Оператор А;18;65;30;нет;5
REQ-0256;2026-07-03 12:45;почта;членство;Оператор Б;93;227;120;нет;5
REQ-0257;2026-08-02 12:23;Telegram;биллинг;Оператор Б;115;139;60;да;3
REQ-0258;2026-06-09 11:37;Telegram;гости;Оператор В;14;45;30;нет;
REQ-0259;2026-06-09 17:04;MAX;благодарность;Оператор В;157;484;240;нет;
REQ-0260;2026-07-25 19:38;Telegram;членство;Оператор В;55;191;120;нет;2
REQ-0261;2026-08-12 18:48;почта;благодарность;Оператор А;189;1085;240;нет;5
REQ-0262;2026-08-18 09:01;Telegram;навигация;Оператор А;22;110;30;нет;
REQ-0263;2026-06-08 15:19;MAX;благодарность;Оператор А;91;484;240;нет;
REQ-0264;2026-06-11 13:09;лично;жалоба;Оператор Г;47;141;30;да;
REQ-0265;2026-08-14 17:57;Telegram;благодарность;Оператор В;204;476;240;нет;4
REQ-0266;2026-07-15 17:21;Telegram;навигация;Оператор В;17;101;30;нет;
REQ-0267;2026-07-21 10:24;Telegram;бронирования;Оператор Г;21;53;30;нет;4
REQ-0268;2026-06-22 16:31;Telegram;мероприятия;Оператор Г;35;86;60;нет;5
REQ-0269;2026-08-02 19:03;Telegram;членство;Оператор В;55;225;120;нет;
REQ-0270;2026-07-19 15:35;Telegram;бронирования;Оператор Б;24;48;30;нет;
REQ-0271;2026-06-03 16:41;Telegram;благодарность;Оператор В;92;777;240;нет;1
REQ-0272;2026-07-23 16:51;лично;навигация;Оператор Б;10;15;30;нет;3
REQ-0273;2026-07-04 16:30;лично;навигация;Оператор Б;30;89;30;нет;4
REQ-0274;2026-08-21 10:11;Telegram;членство;Оператор В;132;284;120;да;
REQ-0275;2026-07-23 18:48;лично;членство;Оператор А;34;261;120;нет;
REQ-0276;2026-06-19 13:56;лично;благодарность;Оператор Г;431;1164;240;да;
REQ-0277;2026-07-16 21:17;Telegram;биллинг;Оператор А;57;79;60;нет;
REQ-0278;2026-07-01 19:37;лично;навигация;Оператор А;7;112;30;нет;5
REQ-0279;2026-07-15 21:55;Telegram;бронирования;Оператор А;14;94;30;нет;5
REQ-0280;2026-08-02 16:25;Telegram;биллинг;Оператор Б;104;170;60;да;
REQ-0281;2026-06-11 09:05;Telegram;жалоба;Оператор Г;59;169;30;да;1
REQ-0282;2026-06-14 15:57;лично;благодарность;Оператор Г;403;458;240;да;1
REQ-0283;2026-07-19 17:09;Telegram;мероприятия;Оператор А;43;227;60;нет;
REQ-0284;2026-07-18 13:06;Telegram;жалоба;Оператор А;14;27;30;нет;
REQ-0285;2026-08-07 13:27;MAX;бронирования;Оператор А;25;70;30;нет;2
REQ-0286;2026-08-19 21:45;почта;биллинг;Оператор Б;51;65;60;нет;
REQ-0287;2026-07-08 09:13;почта;благодарность;Оператор А;51;676;240;нет;4
REQ-0288;2026-07-28 20:01;MAX;благодарность;Оператор В;216;422;240;нет;
REQ-0289;2026-07-27 20:05;лично;мероприятия;Оператор Г;117;178;60;да;
REQ-0290;2026-07-15 12:01;лично;жалоба;Оператор Г;55;130;30;да;
REQ-0291;2026-08-28 13:32;почта;гости;Оператор Г;26;44;30;нет;4
REQ-0292;2026-08-22 10:27;Telegram;биллинг;Оператор Б;58;63;60;нет;4
REQ-0293;2026-07-21 13:45;MAX;биллинг;Оператор А;1;50;60;нет;
REQ-0294;2026-08-01 15:12;почта;жалоба;Оператор В;23;83;30;нет;5
REQ-0295;2026-08-02 16:23;Telegram;бронирования;Оператор Г;108;186;30;да;4
REQ-0296;2026-08-09 13:46;MAX;мероприятия;Оператор Б;41;128;60;нет;5
REQ-0297;2026-08-01 13:31;MAX;жалоба;Оператор Г;22;127;30;нет;4
REQ-0298;2026-07-26 15:18;Telegram;членство;Оператор А;26;242;120;нет;4
REQ-0299;2026-08-14 21:24;Telegram;бронирования;Оператор А;12;100;30;нет;2
REQ-0300;2026-07-05 14:53;MAX;бронирования;Оператор В;9;72;30;нет;4
REQ-0301;2026-07-07 11:01;Telegram;бронирования;Оператор А;15;54;30;нет;
REQ-0302;2026-08-02 20:21;лично;бронирования;Оператор В;20;49;30;нет;4
REQ-0303;2026-07-28 16:32;Telegram;жалоба;Оператор Г;84;102;30;да;
REQ-0304;2026-08-08 17:28;MAX;биллинг;Оператор В;127;342;60;да;
REQ-0305;2026-08-06 11:54;почта;членство;Оператор В;41;153;120;нет;5
REQ-0306;2026-07-16 14:53;Telegram;бронирования;Оператор Г;46;81;30;да;5
REQ-0307;2026-08-19 09:24;Telegram;гости;Оператор А;4;20;30;нет;4
REQ-0308;2026-06-26 10:43;Telegram;мероприятия;Оператор Б;28;112;60;нет;
REQ-0309;2026-08-02 16:18;Telegram;навигация;Оператор А;11;78;30;нет;
REQ-0310;2026-07-09 09:10;Telegram;бронирования;Оператор В;12;66;30;нет;
REQ-0311;2026-06-16 19:24;Telegram;биллинг;Оператор Г;167;190;60;да;
REQ-0312;2026-08-17 13:41;почта;благодарность;Оператор Б;119;675;240;нет;
REQ-0313;2026-06-20 16:23;MAX;навигация;Оператор Б;3;98;30;нет;4
REQ-0314;2026-08-03 15:32;MAX;биллинг;Оператор Б;97;207;60;да;3
REQ-0315;2026-08-10 09:09;MAX;навигация;Оператор В;19;63;30;нет;5
REQ-0316;2026-08-23 19:45;почта;гости;Оператор Г;22;46;30;нет;
REQ-0317;2026-07-03 16:36;лично;биллинг;Оператор Г;235;388;60;да;4
REQ-0318;2026-06-01 12:57;MAX;биллинг;Оператор А;74;215;60;да;
REQ-0319;2026-08-17 10:02;Telegram;членство;Оператор Б;86;91;120;нет;5
REQ-0320;2026-07-26 12:57;лично;бронирования;Оператор Б;25;41;30;нет;3
REQ-0321;2026-07-11 19:52;MAX;гости;Оператор А;18;59;30;нет;5
REQ-0322;2026-07-13 20:12;почта;членство;Оператор Г;177;330;120;да;4
REQ-0323;2026-06-03 13:40;лично;членство;Оператор Б;9;380;120;нет;5
REQ-0324;2026-08-23 14:16;Telegram;благодарность;Оператор А;57;587;240;нет;
REQ-0325;2026-06-04 09:38;MAX;жалоба;Оператор В;8;42;30;нет;4
REQ-0326;2026-07-07 17:34;почта;бронирования;Оператор Б;7;62;30;нет;
REQ-0327;2026-06-05 12:46;почта;мероприятия;Оператор Б;45;65;60;нет;3
REQ-0328;2026-06-12 10:41;Telegram;членство;Оператор Б;13;23;120;нет;
REQ-0329;2026-08-05 10:07;Telegram;бронирования;Оператор В;1;6;30;нет;
REQ-0330;2026-07-10 11:52;почта;биллинг;Оператор А;59;158;60;нет;5
REQ-0331;2026-08-26 15:30;Telegram;мероприятия;Оператор Г;43;103;60;нет;
REQ-0332;2026-07-02 18:18;Telegram;бронирования;Оператор В;24;56;30;нет;2
REQ-0333;2026-08-10 19:41;Telegram;членство;Оператор Г;253;258;120;да;5
REQ-0334;2026-06-09 13:11;Telegram;навигация;Оператор Б;16;21;30;нет;1
REQ-0335;2026-08-28 14:38;Telegram;навигация;Оператор А;15;20;30;нет;
REQ-0336;2026-07-08 16:49;MAX;навигация;Оператор Б;15;95;30;нет;
REQ-0337;2026-06-14 19:42;Telegram;навигация;Оператор В;24;60;30;нет;
REQ-0338;2026-06-09 11:38;MAX;жалоба;Оператор Б;10;48;30;нет;
REQ-0339;2026-08-24 09:01;Telegram;гости;Оператор А;8;22;30;нет;4
REQ-0340;2026-06-14 20:20;почта;биллинг;Оператор Б;60;65;60;нет;5
REQ-0341;2026-08-13 12:12;лично;жалоба;Оператор Г;15;50;30;нет;4
REQ-0342;2026-07-20 18:43;лично;членство;Оператор А;9;298;120;нет;5
REQ-0343;2026-08-21 09:16;Telegram;жалоба;Оператор А;24;103;30;нет;
REQ-0344;2026-08-15 14:10;Telegram;гости;Оператор А;12;59;30;нет;2
REQ-0345;2026-08-12 11:27;MAX;гости;Оператор В;23;53;30;нет;5
REQ-0346;2026-08-21 18:00;Telegram;биллинг;Оператор В;58;248;60;нет;4
REQ-0347;2026-08-16 13:38;MAX;благодарность;Оператор Б;109;463;240;нет;
REQ-0348;2026-08-22 10:58;Telegram;навигация;Оператор Г;28;53;30;нет;
REQ-0349;2026-08-13 19:05;Telegram;благодарность;Оператор А;152;511;240;нет;
REQ-0350;2026-07-15 11:23;Telegram;мероприятия;Оператор Б;34;59;60;нет;
REQ-0351;2026-08-07 20:56;Telegram;бронирования;Оператор Б;12;58;30;нет;
REQ-0352;2026-06-19 19:59;Telegram;членство;Оператор В;23;257;120;нет;
REQ-0353;2026-06-11 20:57;почта;членство;Оператор А;73;273;120;нет;4
REQ-0354;2026-07-27 09:41;почта;членство;Оператор Г;124;557;120;да;
REQ-0355;2026-06-14 11:02;MAX;благодарность;Оператор Б;86;794;240;нет;3
REQ-0356;2026-08-08 11:47;Telegram;навигация;Оператор Б;9;45;30;нет;
REQ-0357;2026-07-25 12:04;лично;жалоба;Оператор Г;86;91;30;да;
REQ-0358;2026-06-17 10:23;Telegram;биллинг;Оператор Б;92;119;60;да;3
REQ-0359;2026-06-06 12:38;Telegram;биллинг;Оператор А;58;70;60;нет;3
REQ-0360;2026-08-14 12:17;почта;жалоба;Оператор В;20;80;30;нет;4
REQ-0361;2026-07-27 13:51;лично;мероприятия;Оператор А;32;174;60;нет;
REQ-0362;2026-07-10 18:34;лично;мероприятия;Оператор А;18;23;60;нет;4
REQ-0363;2026-07-25 21:18;Telegram;благодарность;Оператор А;176;380;240;нет;5
REQ-0364;2026-08-26 13:12;лично;навигация;Оператор Г;81;134;30;да;4
REQ-0365;2026-06-04 15:33;Telegram;гости;Оператор А;16;94;30;нет;5
REQ-0366;2026-08-15 14:21;Telegram;навигация;Оператор В;6;15;30;нет;5
REQ-0367;2026-06-06 17:20;MAX;гости;Оператор А;21;103;30;нет;
REQ-0368;2026-07-10 10:33;лично;благодарность;Оператор А;19;449;240;нет;5
REQ-0369;2026-08-26 17:07;Telegram;благодарность;Оператор Б;128;133;240;нет;3
REQ-0370;2026-08-05 16:21;MAX;членство;Оператор В;34;95;120;нет;
REQ-0371;2026-08-01 16:42;Telegram;мероприятия;Оператор Б;44;153;60;нет;4
REQ-0372;2026-07-14 14:38;почта;биллинг;Оператор Г;246;341;60;да;3
REQ-0373;2026-07-19 17:52;Telegram;благодарность;Оператор Б;164;322;240;нет;
REQ-0374;2026-08-06 20:58;MAX;благодарность;Оператор Б;93;271;240;нет;
REQ-0375;2026-06-01 16:27;Telegram;членство;Оператор А;68;421;120;нет;3
REQ-0376;2026-08-01 16:33;почта;жалоба;Оператор В;29;65;30;нет;
REQ-0377;2026-08-19 14:22;MAX;бронирования;Оператор А;26;43;30;нет;
REQ-0378;2026-06-03 14:24;Telegram;биллинг;Оператор А;65;185;60;да;1
REQ-0379;2026-08-06 11:52;Telegram;гости;Оператор А;3;65;30;нет;
REQ-0380;2026-06-07 12:28;Telegram;мероприятия;Оператор Г;105;110;60;да;
REQ-0381;2026-08-12 10:21;Telegram;благодарность;Оператор В;153;477;240;нет;
REQ-0382;2026-08-04 11:53;Telegram;жалоба;Оператор Б;21;83;30;нет;
REQ-0383;2026-08-07 10:26;MAX;мероприятия;Оператор А;45;150;60;нет;
REQ-0384;2026-08-03 18:14;Telegram;мероприятия;Оператор Г;98;285;60;да;
REQ-0385;2026-08-03 21:23;Telegram;бронирования;Оператор Г;45;114;30;да;3
REQ-0386;2026-06-15 19:48;Telegram;бронирования;Оператор Г;51;83;30;да;5
REQ-0387;2026-07-06 10:00;Telegram;биллинг;Оператор Г;69;104;60;да;
REQ-0388;2026-08-18 17:22;Telegram;членство;Оператор Г;327;632;120;да;3
REQ-0389;2026-08-25 13:33;лично;мероприятия;Оператор Б;24;54;60;нет;4
REQ-0390;2026-08-27 09:17;MAX;бронирования;Оператор Г;49;96;30;да;1
REQ-0391;2026-07-25 21:57;Telegram;благодарность;Оператор В;161;289;240;нет;
REQ-0392;2026-08-23 21:59;Telegram;навигация;Оператор Г;38;43;30;да;
REQ-0393;2026-08-03 09:07;почта;благодарность;Оператор Б;115;570;240;нет;1
REQ-0394;2026-08-05 13:19;Telegram;гости;Оператор В;9;77;30;нет;5
REQ-0395;2026-06-24 17:42;лично;биллинг;Оператор Б;98;313;60;да;2
REQ-0396;2026-07-10 19:42;Telegram;бронирования;Оператор А;39;46;30;да;1
REQ-0397;2026-07-04 12:58;Telegram;гости;Оператор В;7;42;30;нет;
REQ-0398;2026-08-05 20:08;MAX;жалоба;Оператор В;27;60;30;нет;3
REQ-0399;2026-07-09 12:52;Telegram;членство;Оператор А;137;232;120;да;1
REQ-0400;2026-08-19 19:57;лично;гости;Оператор А;19;66;30;нет;4
REQ-0401;2026-08-28 19:57;лично;биллинг;Оператор В;60;96;60;нет;5
REQ-0402;2026-08-24 20:10;почта;мероприятия;Оператор Б;43;185;60;нет;3
REQ-0403;2026-06-13 12:51;Telegram;биллинг;Оператор Б;138;206;60;да;5
REQ-0404;2026-06-22 20:04;лично;членство;Оператор В;42;148;120;нет;
REQ-0405;2026-08-22 09:29;лично;бронирования;Оператор Г;13;24;30;нет;3
REQ-0406;2026-08-25 09:31;MAX;членство;Оператор В;63;251;120;нет;4
REQ-0407;2026-07-28 09:36;почта;биллинг;Оператор Г;176;192;60;да;5
REQ-0408;2026-08-11 13:32;лично;гости;Оператор А;4;26;30;нет;5
REQ-0409;2026-08-12 21:33;Telegram;бронирования;Оператор Б;10;43;30;нет;
REQ-0410;2026-07-14 20:26;Telegram;навигация;Оператор Г;68;80;30;да;3
REQ-0411;2026-08-10 21:34;Telegram;членство;Оператор Г;239;440;120;да;1
REQ-0412;2026-07-27 18:17;MAX;гости;Оператор Г;37;72;30;да;3
REQ-0413;2026-06-15 15:38;лично;гости;Оператор А;16;82;30;нет;
REQ-0414;2026-08-11 19:30;лично;биллинг;Оператор В;100;157;60;да;1
REQ-0415;2026-06-17 20:46;Telegram;членство;Оператор А;73;196;120;нет;3
REQ-0416;2026-08-28 16:43;Telegram;благодарность;Оператор Г;367;662;240;да;1
REQ-0417;2026-06-11 20:33;лично;членство;Оператор Г;113;474;120;нет;5
REQ-0418;2026-07-28 13:00;Telegram;навигация;Оператор А;17;33;30;нет;
REQ-0419;2026-06-03 21:18;Telegram;благодарность;Оператор Г;415;840;240;да;2
REQ-0420;2026-07-08 10:35;Telegram;биллинг;Оператор Б;84;145;60;да;3
REQ-0421;2026-08-14 03:12;Telegram;жалоба;Оператор Б;0;0;30;нет;5
REQ-0422;2026-08-14 11:40;почта;биллинг;Оператор Г;2880;4320;60;да;1
REQ-0423;2026-07-02 15:20;MAX;бронирования;Оператор А;12;45;30;да;4
